VAR,STATION,LAT,LON,ENSEMBLE,RCP,MODEL,CLIMATOLOGY,Annual,DJF,MAM,JJA,SON,NDJFMA,MJJASO,January,February,March,April,May,June,July,August,September,October,November,December
0,ADELAIDE-KENT-TOWN,-34.92,138.62,r1i1p1,rcp26,CESM1-CAM5,2020-2039,23.1,29.44,23.64,16.95,22.37,27.42,18.77,30.4,30.36,26.76,23.94,20.23,17.09,16.59,17.15,19.37,22.18,25.55,27.55
0,ALBANY-AIRPORT-COMPARISON,-34.94,117.8,r1i1p1,rcp26,CESM1-CAM5,2020-2039,20.56,24.21,22.13,16.68,19.17,23.4,17.68,24.55,25.19,24.11,22.69,19.58,17.64,16.18,16.24,17.69,18.77,21.04,23.04
0,ALICE-SPRINGS-AIRPORT,-23.8,133.89,r1i1p1,rcp26,CESM1-CAM5,2020-2039,29.53,36.18,28.46,21.78,31.68,34.24,24.81,37.16,35.92,33.35,28.67,23.35,20.11,21.32,23.93,28.38,31.8,34.87,35.47
0,AMBERLEY-AMO,-27.63,152.71,r1i1p1,rcp26,CESM1-CAM5,2020-2039,27.95,31.69,28.08,23.21,28.85,30.77,25.14,32.21,31.42,30.61,28.49,25.14,22.89,22.72,24.02,26.93,29.14,30.49,31.38
0,BARCALDINE-POST-OFFICE,-23.55,145.29,r1i1p1,rcp26,CESM1-CAM5,2020-2039,31.62,36.55,31.5,25.38,33.08,35.29,27.97,37.1,36.09,35.02,31.56,27.91,24.55,24.82,26.78,30.25,33.54,35.46,36.39
0,BATHURST-AGRICULTURAL-STATION,-33.43,149.56,r1i1p1,rcp26,CESM1-CAM5,2020-2039,21,28.49,21.5,13.52,20.45,26.12,15.86,29.61,28.58,25.27,22.04,17.18,13.35,13.05,14.15,17.05,20.36,23.95,27.37
0,BIRDSVILLE-AIRPORT,-25.9,139.35,r1i1p1,rcp26,CESM1-CAM5,2020-2039,31.85,39.01,31.51,23.79,33.1,36.97,26.74,39.74,38.68,36.52,31.57,26.43,22.67,23.16,25.56,29.63,32.98,36.69,38.6
0,BOULIA-AIRPORT,-22.91,139.9,r1i1p1,rcp26,CESM1-CAM5,2020-2039,33.26,39.04,32.85,26.21,34.92,37.55,28.97,39.55,38.84,37.14,33.03,28.39,24.9,25.8,27.93,31.67,35.13,37.97,38.81
0,BOURKE-AIRPORT-AWS,-30.04,145.95,r1i1p1,rcp26,CESM1-CAM5,2020-2039,28.7,36.46,28.41,20.7,29.23,34.07,23.34,37.35,36.02,32.94,28.77,23.52,20.21,19.88,22.01,25.38,29.03,33.27,36.03
0,BRIDGETOWN-COMPARISON,-33.96,116.14,r1i1p1,rcp26,CESM1-CAM5,2020-2039,23.33,29.73,24.36,17.36,21.79,27.83,18.78,30.4,30.83,27.89,24.7,20.47,18.3,16.73,17.04,18.99,21.15,25.24,28.24
0,BRISBANE-AERO,-27.39,153.12,r1i1p1,rcp26,CESM1-CAM5,2020-2039,26.07,29.37,26.66,22.09,26.16,28.56,23.57,29.8,29.55,28.75,26.93,24.31,22.11,21.67,22.5,24.53,26.33,27.63,28.74
0,BROOME-AIRPORT,-17.95,122.23,r1i1p1,rcp26,CESM1-CAM5,2020-2039,33.04,33.94,34.36,30.7,33.14,34.41,31.66,34.2,33.51,34.74,35.56,32.78,30.5,30.59,31,31.94,33.17,34.31,34.19
0,BUNDABERG-AERO,-24.91,152.32,r1i1p1,rcp26,CESM1-CAM5,2020-2039,27.45,30.52,28.05,23.63,27.6,29.81,25.08,30.91,30.72,30.15,28.29,25.71,23.5,23.14,24.24,26.1,27.76,28.93,29.95
0,BURKETOWN-AIRPORT,-17.75,139.54,r1i1p1,rcp26,CESM1-CAM5,2020-2039,34.07,35.49,34.43,30.55,35.82,35.66,32.48,35.22,34.65,35.29,34.98,33.02,29.88,30.14,31.65,33.95,36.27,37.25,36.54
0,BUTLERS-GORGE,-42.28,146.28,r1i1p1,rcp26,CESM1-CAM5,2020-2039,13.88,18.77,14.43,9.21,13.03,17.33,10.4,19.71,19.72,17.22,14.47,11.6,9.71,8.53,9.39,10.11,13.08,15.9,17.07
0,CABRAMURRA-SMHEA-AWS,-35.94,148.38,r1i1p1,rcp26,CESM1-CAM5,2020-2039,12.56,20.18,13.69,4.97,11.33,17.77,7.31,21,21.25,17.48,13.93,9.66,5.57,4.56,4.79,7.92,11.35,14.72,18.44
0,CAIRNS-AERO,-16.87,145.75,r1i1p1,rcp26,CESM1-CAM5,2020-2039,29.95,32.2,30.11,27.03,30.46,31.66,28.23,32.37,32.03,31.36,30.32,28.65,26.85,26.71,27.54,28.95,30.71,31.72,32.12
0,CAMOOWEAL-TOWNSHIP,-19.92,138.12,r1i1p1,rcp26,CESM1-CAM5,2020-2039,34.29,38.49,34.2,28.53,36.49,37.7,31.13,38.83,37.97,36.87,34.96,30.77,27.16,28.1,30.33,33.98,36.84,38.87,38.63
0,CANBERRA-AIRPORT,-35.31,149.2,r1i1p1,rcp26,CESM1-CAM5,2020-2039,21.32,28.83,21.82,13.89,20.72,26.42,16.21,30.11,29.2,24.76,23.25,17.44,13.79,13.77,14.11,17.45,20.7,24,27.27
0,CAPE-BORDA,-35.75,136.6,r1i1p1,rcp26,CESM1-CAM5,2020-2039,19.1,23.38,19.75,15.24,17.99,22.01,16.16,24.06,24.37,21.9,19.8,17.54,15.71,15.13,14.89,15.86,17.83,20.28,21.8
0,CAPE-BRUNY-LIGHTHOUSE,-43.49,147.15,r1i1p1,rcp26,CESM1-CAM5,2020-2039,15.91,18.9,16.75,12.78,15.18,18.07,13.74,19.49,19.71,18.42,16.97,14.85,12.76,12.57,13,14.14,15.12,16.27,17.6
0,CAPE-LEEUWIN,-34.37,115.14,r1i1p1,rcp26,CESM1-CAM5,2020-2039,20.35,23.07,21.79,17.5,18.99,22.52,18.16,23.25,23.92,23.13,22.13,20.1,18.54,17.13,16.84,17.69,18.68,20.61,22.13
0,CAPE-MORETON-LIGHTHOUSE,-27.03,153.47,r1i1p1,rcp26,CESM1-CAM5,2020-2039,24.65,27.97,25.41,20.9,24.51,27.14,22.23,28.31,28.3,27.49,25.65,23.24,20.97,20.58,21.15,22.84,24.61,26.08,27.28
0,CAPE-OTWAY-LIGHTHOUSE,-38.86,143.51,r1i1p1,rcp26,CESM1-CAM5,2020-2039,17.34,20.62,18.21,13.96,16.61,19.65,15.03,21.16,21.56,19.82,18.5,16.46,14.17,13.66,14.08,15.02,16.74,17.99,19.18
0,CARNARVON-AIRPORT,-24.89,113.67,r1i1p1,rcp26,CESM1-CAM5,2020-2039,28.14,31.56,30.14,24.04,26.84,31.04,25.26,31.17,33.73,32.39,30.51,27.51,25.07,23.38,23.68,25.24,26.66,28.62,29.78
0,CEDUNA-AMO,-32.13,133.7,r1i1p1,rcp26,CESM1-CAM5,2020-2039,24.68,29.08,25.05,19.54,25.03,27.93,21.41,29.73,29.35,27.42,25.64,22.07,19.34,19.22,20.07,22.74,25.05,27.3,28.18
0,CHARLEVILLE-AERO,-26.41,146.26,r1i1p1,rcp26,CESM1-CAM5,2020-2039,29.77,35.7,29.99,22.47,30.95,34.13,25.44,36.52,35.06,34.65,28.7,26.61,20.94,21.65,24.82,27.4,31.22,34.24,35.45
0,CHARTERS-TOWERS-AIRPORT,-20.05,146.27,r1i1p1,rcp26,CESM1-CAM5,2020-2039,31.04,34.42,30.46,26.37,32.93,33.52,28.56,34.67,33.63,32.54,30.69,28.15,25.61,26.01,27.5,30.52,33.54,34.72,34.9
0,COBAR-MO,-31.48,145.83,r1i1p1,rcp26,CESM1-CAM5,2020-2039,26.36,34.38,26.16,18.33,26.55,31.78,20.93,35.24,34.14,30.41,26.65,21.42,17.87,17.67,19.45,22.78,26.4,30.48,33.76
0,COFFS-HARBOUR-MO,-30.31,153.12,r1i1p1,rcp26,CESM1-CAM5,2020-2039,24.37,27.62,24.79,20.53,24.53,26.76,21.98,28.06,27.92,26.79,25.14,22.43,20.54,19.98,21.06,22.98,24.87,25.76,26.92
0,CUNDERDIN-AIRFIELD,-31.62,117.22,r1i1p1,rcp26,CESM1-CAM5,2020-2039,26.42,34.53,26.99,18.1,26.01,32.17,20.64,35.34,34.62,31.15,27.51,22.3,19.44,17.29,17.58,21.39,25.82,30.81,33.83
0,DALWALLINU-COMPARISON,-30.28,116.66,r1i1p1,rcp26,CESM1-CAM5,2020-2039,27.32,35.49,28.03,18.95,26.76,33.13,21.48,36.28,35.92,32.65,28.44,23,20.04,18.05,18.75,22.46,26.56,31.26,34.46
0,DARWIN-AIRPORT,-12.42,130.89,r1i1p1,rcp26,CESM1-CAM5,2020-2039,33.06,32.7,33.46,32.02,34.03,33.26,32.83,32.56,32.21,32.97,34.03,33.38,31.64,31.64,32.79,33.47,34.08,34.54,33.38
0,DENILIQUIN-AIRPORT-AWS,-35.56,144.95,r1i1p1,rcp26,CESM1-CAM5,2020-2039,24.05,32.35,24.29,15.96,23.59,29.65,18.45,33.25,32.6,28.42,24.84,19.61,15.67,15.42,16.8,19.61,23.58,27.58,31.22
0,DUBBO-AIRPORT-AWS,-32.22,148.58,r1i1p1,rcp26,CESM1-CAM5,2020-2039,25.05,32.79,25.34,17.08,24.97,30.43,19.66,33.63,32.62,29.38,25.87,20.78,17.01,16.41,17.84,20.92,25,29,32.14
0,EAST-SALE-AIRPORT,-38.12,147.13,r1i1p1,rcp26,CESM1-CAM5,2020-2039,20.68,25.84,21.48,15.55,19.84,24.23,17.13,26.7,26.57,24.2,21.84,18.39,15.47,15.1,16.08,17.68,20.05,21.8,24.32
0,ESPERANCE,-33.83,121.89,r1i1p1,rcp26,CESM1-CAM5,2020-2039,22.24,26.14,23.5,17.98,21.29,25.19,19.26,26.99,26.92,25.53,23.93,21.05,18.87,17.32,17.75,19.55,21.04,23.29,24.69
0,EUCLA,-31.68,128.88,r1i1p1,rcp26,CESM1-CAM5,2020-2039,23.49,26.3,23.97,19.66,24.05,25.66,21.33,26.92,26.43,25.53,24.48,21.93,19.71,19.17,20.11,22.47,24.56,25.13,25.53
0,FORREST,-30.85,128.11,r1i1p1,rcp26,CESM1-CAM5,2020-2039,26.48,32.52,26.23,20.02,27.13,30.52,22.43,34.02,32.43,29.2,26.68,22.81,19.64,19.53,20.87,24.57,27.14,29.69,31.14
0,GABO-ISLAND-LIGHTHOUSE,-37.57,149.92,r1i1p1,rcp26,CESM1-CAM5,2020-2039,19.11,22.16,20.31,15.94,18.02,21.33,16.89,22.84,22.94,21.78,20.77,18.39,16.3,15.64,15.89,16.86,18.26,18.95,20.75
0,GAYNDAH-AIRPORT,-25.62,151.62,r1i1p1,rcp26,CESM1-CAM5,2020-2039,29.35,33.48,29.52,24.18,30.24,32.39,26.32,34.07,33.27,32.34,29.76,26.45,23.77,23.53,25.24,28.21,30.7,31.82,33.04
0,GEORGETOWN-AIRPORT,-18.3,143.53,r1i1p1,rcp26,CESM1-CAM5,2020-2039,33.62,35.33,33.16,29.88,36.14,35.26,32,35.07,34.24,34.32,33.73,31.43,28.96,29.61,31.08,34.09,36.82,37.53,36.6
0,GERALDTON-AIRPORT-COMPARISON,-28.8,114.7,r1i1p1,rcp26,CESM1-CAM5,2020-2039,26.75,31.88,28.68,21,25.39,30.81,22.66,31.84,33.83,31.77,29.14,25.13,22.45,20.23,20.31,22.78,25.05,28.33,30.18
0,GILES-METEOROLOGICAL-OFFICE,-25.03,128.3,r1i1p1,rcp26,CESM1-CAM5,2020-2039,30.46,37.11,29.76,22.43,32.53,35.29,25.63,37.94,36.97,34.8,29.82,24.66,21.49,21.66,24.15,28.88,32.95,35.77,36.39
0,GROVE-RESEARCH-STATION,-42.99,147.07,r1i1p1,rcp26,CESM1-CAM5,2020-2039,18.24,22.66,18.87,13.75,17.64,21.33,15.13,23.5,23.57,21.55,18.98,16.06,13.5,13.35,14.39,15.83,17.67,19.43,21.09
0,GUNNEDAH-RESOURCE-CENTRE,-31.03,150.27,r1i1p1,rcp26,CESM1-CAM5,2020-2039,25.66,32.32,26.07,18.35,25.91,30.43,20.89,33.2,32.27,29.96,26.48,21.76,18.08,17.68,19.3,22.41,26.12,29.21,31.48
0,HALLS-CREEK-AIRPORT,-18.23,127.66,r1i1p1,rcp26,CESM1-CAM5,2020-2039,35.15,37.86,34.65,29.79,38.27,37.77,32.53,37.98,36.76,37.17,35.47,31.3,28.34,29.39,31.63,35.92,38.6,40.31,38.94
0,HOBART-ELLERSLIE-ROAD,-42.89,147.33,r1i1p1,rcp26,CESM1-CAM5,2020-2039,18.54,22.62,19.25,14.09,18.14,21.44,15.62,23.34,23.35,21.55,19.54,16.66,13.73,13.68,14.86,16.51,18.27,19.64,21.3
0,HORN-ISLAND,-10.58,142.29,r1i1p1,rcp26,CESM1-CAM5,2020-2039,30.98,31.82,31.05,29.5,31.61,31.85,30.16,31.83,31.19,31.42,31.31,30.45,29.62,29.27,29.6,30.42,31.64,32.77,32.48
0,INVERELL-RAGLAN-ST,-29.78,151.11,r1i1p1,rcp26,CESM1-CAM5,2020-2039,24.64,30.33,25.31,18.3,24.64,28.79,20.5,31.2,30.21,28.78,25.57,21.58,18.1,17.67,19.12,21.69,24.84,27.38,29.53
0,JERVIS-BAY-POINT-PERPENDICULAR-AWS,-35.09,150.8,r1i1p1,rcp26,CESM1-CAM5,2020-2039,21.06,24.61,21.9,17.26,20.55,23.59,18.54,25.09,25.14,23.78,22.36,19.56,17.43,16.78,17.56,19.01,20.87,21.77,23.58
0,KALGOORLIE-BOULDER-AIRPORT,-30.78,121.45,r1i1p1,rcp26,CESM1-CAM5,2020-2039,26.44,33.6,26.34,18.85,26.96,31.35,21.52,34.86,32.8,30.27,26.81,21.93,18.98,18.12,19.46,23.6,27.05,30.24,33.2
0,KALUMBURU,-14.3,126.65,r1i1p1,rcp26,CESM1-CAM5,2020-2039,35.15,35,35.08,33.13,37.29,35.59,34.69,35.2,33.88,34.93,35.74,34.57,32.54,32.88,34.04,36.34,37.62,37.9,35.96
0,KATANNING-COMPARISON,-33.69,117.56,r1i1p1,rcp26,CESM1-CAM5,2020-2039,23.21,30.37,24.01,16.28,22.11,28.23,18.14,31.11,30.88,27.6,24.45,19.99,17.35,15.59,15.89,18.41,21.64,26.29,29.34
0,KERANG,-35.72,143.92,r1i1p1,rcp26,CESM1-CAM5,2020-2039,23.98,31.98,24.22,16.22,23.49,29.36,18.59,32.87,32.32,28.29,24.77,19.6,15.84,15.67,17.15,19.7,23.6,27.16,30.78
0,KYANCUTTA,-33.13,135.56,r1i1p1,rcp26,CESM1-CAM5,2020-2039,26.17,33.1,26.48,19.09,26,30.95,21.38,34.12,33.54,30.1,26.93,22.42,18.96,18.76,19.54,22.56,26.03,29.41,31.62
0,LARAPUNA-EDDYSTONE-POINT,-40.99,148.35,r1i1p1,rcp26,CESM1-CAM5,2020-2039,18.4,21.78,19.64,14.9,17.34,20.89,15.89,22.3,22.51,21.6,19.67,17.45,15.04,14.69,14.97,15.9,17.41,18.72,20.63
0,LAUNCESTON-AIRPORT,-41.55,147.21,r1i1p1,rcp26,CESM1-CAM5,2020-2039,18.63,24.12,19.48,13.04,17.8,22.56,14.66,24.89,25.14,23.13,19.47,15.82,12.95,12.64,13.54,15.17,17.83,20.38,22.52
0,LAVERTON-RAAF,-37.86,144.76,r1i1p1,rcp26,CESM1-CAM5,2020-2039,20.82,26.13,21.45,15.63,20.05,24.45,17.19,26.91,26.92,24.15,21.85,18.36,15.61,15.25,16.03,17.64,20.28,22.23,24.61
0,LEARMONTH-AIRPORT,-22.24,114.1,r1i1p1,rcp26,CESM1-CAM5,2020-2039,32.53,37.87,33.56,25.99,32.67,36.67,28.39,38.63,38,37.1,34.19,29.38,26.31,25.09,26.57,29.79,33.18,35.04,37.12
0,LONGREACH-AERO,-23.44,144.28,r1i1p1,rcp26,CESM1-CAM5,2020-2039,32.97,38.18,33.07,26.12,34.54,36.8,29.16,38.65,38.07,36.99,32.34,29.86,24.17,26.14,28.03,30.96,35.81,36.84,37.74
0,LOW-HEAD,-41.06,146.79,r1i1p1,rcp26,CESM1-CAM5,2020-2039,17.16,20.58,18.55,13.65,15.83,19.73,14.58,21.1,21.71,20.5,18.79,16.37,14.06,13.37,13.52,14.21,15.93,17.34,19.07
0,MACKAY-M.O,-21.12,149.22,r1i1p1,rcp26,CESM1-CAM5,2020-2039,27.46,30.86,27.61,22.99,28.38,30.03,24.88,30.98,30.75,29.85,27.72,25.27,22.78,22.51,23.68,26.32,28.73,30.1,30.84
0,MARBLE-BAR,-21.18,119.75,r1i1p1,rcp26,CESM1-CAM5,2020-2039,36.27,41.2,35.85,29.41,38.66,40.22,32.27,42.03,39.44,38.97,37,31.56,29.04,28.67,30.52,34.93,39.09,41.69,42.3
0,MARREE,-29.65,138.06,r1i1p1,rcp26,CESM1-CAM5,2020-2039,29.87,37.83,29.62,21.58,30.48,35.37,24.37,38.62,38.17,34.48,30.13,24.24,20.91,21.01,22.82,27.04,30.2,34.19,36.64
0,MEEKATHARRA-AIRPORT,-26.61,118.54,r1i1p1,rcp26,CESM1-CAM5,2020-2039,30.33,38.56,30.52,21.34,30.86,36.03,24.62,39.95,38.14,35.2,30.33,26.02,21.14,20.18,22.7,26.61,31.05,34.92,37.76
0,MELBOURNE-REGIONAL-OFFICE,-37.81,144.97,r1i1p1,rcp26,CESM1-CAM5,2020-2039,21.36,26.93,21.94,15.89,20.65,25.15,17.57,27.66,27.79,24.83,22.3,18.7,15.79,15.45,16.44,18.14,20.9,22.91,25.39
0,MERREDIN,-31.48,118.28,r1i1p1,rcp26,CESM1-CAM5,2020-2039,26.38,34.41,26.84,18.12,26.1,32,20.73,35.38,34.27,31.1,27.15,22.28,19.19,17.31,17.84,21.79,25.94,30.58,33.76
0,MILDURA-AIRPORT,-34.24,142.09,r1i1p1,rcp26,CESM1-CAM5,2020-2039,24.91,32.7,24.76,17.41,24.79,30.08,19.74,33.58,33,28.74,25.27,20.27,17,16.87,18.36,21.16,24.81,28.41,31.52
0,MILES-CONSTANCE-STREET,-26.66,150.18,r1i1p1,rcp26,CESM1-CAM5,2020-2039,28.26,33.42,28.48,21.92,29.23,32.08,24.43,34.14,33.06,32.04,28.68,24.72,21.36,21.15,23.25,26.53,29.6,31.57,33.05
0,MORAWA-AIRPORT,-29.2,116.02,r1i1p1,rcp26,CESM1-CAM5,2020-2039,28.6,36.81,29.21,20.38,28.25,34.45,22.99,37.56,37.55,34.02,30.03,24.5,21.38,19.53,20.23,24.13,28.17,32.44,35.7
0,MOREE-AERO,-29.49,149.85,r1i1p1,rcp26,CESM1-CAM5,2020-2039,27.26,33.57,27.63,20.02,27.87,31.87,22.67,34.32,33.21,31.45,27.87,23.57,19.83,19.25,20.98,24.22,28.18,31.22,33.07
0,MORUYA-HEADS-PILOT-STATION,-35.91,150.15,r1i1p1,rcp26,CESM1-CAM5,2020-2039,21.21,24.14,22.12,17.95,20.64,23.34,19.07,24.66,24.77,23.76,22.51,20.08,18.09,17.56,18.19,19.45,21.05,21.44,23
0,MOUNT-GAMBIER-AERO,-37.75,140.77,r1i1p1,rcp26,CESM1-CAM5,2020-2039,19.93,25.33,20.76,14.82,18.77,23.63,16.2,25.94,26.66,23.63,20.95,17.68,14.83,14.54,15.07,16.45,18.63,21.21,23.53
0,NHILL-AERODROME,-36.31,141.65,r1i1p1,rcp26,CESM1-CAM5,2020-2039,23.24,31.05,23.7,15.84,22.35,28.5,17.98,31.92,31.83,27.59,24.04,19.47,15.55,15.5,16.49,18.57,22.32,26.16,29.48
0,NORMANTON-AIRPORT,-17.69,141.07,r1i1p1,rcp26,CESM1-CAM5,2020-2039,34.35,35.56,34.56,30.97,36.32,35.8,32.91,35.35,34.84,35.27,35.29,33.12,30.21,30.58,32.11,34.7,36.73,37.55,36.42
0,NORTH-SHIELDS-PORT-LINCOLN-AWS,-34.6,135.88,r1i1p1,rcp26,CESM1-CAM5,2020-2039,21.52,25.58,22.29,17.25,20.96,24.42,18.61,26.21,26.28,23.89,22.73,20.26,17.59,17.06,17.11,18.6,21.05,23.22,24.27
0,NOWRA-RAN-AIR-STATION-AWS,-34.95,150.54,r1i1p1,rcp26,CESM1-CAM5,2020-2039,22.79,26.94,23.39,18.26,22.57,25.71,19.86,27.57,27.28,25.63,23.95,20.6,18.23,17.76,18.8,20.86,22.91,23.93,25.96
0,NURIOOTPA-VITICULTURAL,-34.48,139.01,r1i1p1,rcp26,CESM1-CAM5,2020-2039,21.94,29.07,22.48,15.02,21.21,26.82,17.07,30.11,29.71,25.95,22.94,18.54,15.04,14.71,15.31,17.75,21.04,24.82,27.38
0,OODNADATTA-AIRPORT,-27.56,135.45,r1i1p1,rcp26,CESM1-CAM5,2020-2039,30.99,37.84,29.31,21.96,31.24,35.27,24.89,38.74,37.89,34.08,29.3,24.56,20.85,21.22,23.81,27.96,30.9,34.87,37.21
0,ORBOST,-37.69,148.47,r1i1p1,rcp26,CESM1-CAM5,2020-2039,20.65,25.4,21.38,16,19.84,23.96,17.35,26.41,26.38,23.95,21.69,18.51,15.9,15.58,16.51,17.82,19.8,21.9,23.68
0,PALMERVILLE,-16,144.08,r1i1p1,rcp26,CESM1-CAM5,2020-2039,33.69,34.58,32.67,31.18,36.22,34.49,32.87,34.13,33.45,32.87,33.09,32.05,30.64,30.6,32.13,34.37,37.01,37.51,36.18
0,PERTH-AIRPORT,-31.93,115.98,r1i1p1,rcp26,CESM1-CAM5,2020-2039,25.84,32.08,26.9,19.68,24.61,30.39,21.24,33.13,33.17,30.81,27.02,22.86,20.46,19.06,19.52,21.5,24.05,28.27,30.22
0,PORT-HEDLAND-AIRPORT,-20.37,118.63,r1i1p1,rcp26,CESM1-CAM5,2020-2039,34.3,36.99,35.65,29.3,35.18,37.16,31.4,37.16,37.04,37.7,37.02,32.23,29.06,28.93,29.91,32.27,35.99,37.3,37.01
0,PORT-MACQUARIE-AIRPORT-AWS,-31.43,152.87,r1i1p1,rcp26,CESM1-CAM5,2020-2039,24.36,27.92,24.79,20.36,24.41,26.9,21.85,28.44,28.46,26.98,25,22.4,20.42,19.69,20.99,23.04,24.57,25.62,26.97
0,RABBIT-FLAT,-20.18,130.01,r1i1p1,rcp26,CESM1-CAM5,2020-2039,34.83,38.93,34.04,28.42,37.88,38.29,31.35,39.23,37.88,37.53,34.77,29.83,26.97,27.75,30.52,35.07,37.95,40.63,39.76
0,RICHMOND-POST-OFFICE,-20.73,143.14,r1i1p1,rcp26,CESM1-CAM5,2020-2039,33.69,37.44,33.38,28.14,35.82,36.64,30.75,37.62,36.68,35.76,33.87,30.49,27.1,27.71,29.62,33.31,36.29,37.86,37.97
0,RICHMOND-RAAF,-33.6,150.78,r1i1p1,rcp26,CESM1-CAM5,2020-2039,24.52,29.49,24.43,19.27,24.9,27.86,21.18,30.38,29.52,27.15,24.89,21.27,18.95,18.7,20.15,22.72,25.3,26.67,28.51
0,ROBE-COMPARISON,-37.16,139.76,r1i1p1,rcp26,CESM1-CAM5,2020-2039,19.07,22.66,19.83,15.31,18.44,21.64,16.48,23.22,23.41,21.49,20.11,17.88,15.48,15.07,15.39,16.6,18.48,20.23,21.43
0,ROCKHAMPTON-AERO,-23.38,150.48,r1i1p1,rcp26,CESM1-CAM5,2020-2039,29.6,32.74,29.75,25.14,30.76,32.05,27.13,33.08,32.59,32.15,29.83,27.26,24.7,24.64,26.08,28.94,31.17,32.17,32.55
0,RUTHERGLEN-RESEARCH,-36.1,146.51,r1i1p1,rcp26,CESM1-CAM5,2020-2039,22.64,31.53,23.37,14.25,21.38,28.67,16.6,32.69,31.97,27.78,23.95,18.39,14.13,13.71,14.9,17.41,21.06,25.68,29.99
0,SCONE-AIRPORT-AWS,-32.03,150.83,r1i1p1,rcp26,CESM1-CAM5,2020-2039,24.91,31.09,25.06,18.14,25.34,29.26,20.53,31.89,30.98,28.43,25.65,21.1,17.96,17.47,19,22.11,25.56,28.33,30.42
0,SNOWTOWN-RAYVILLE-PARK,-33.77,138.22,r1i1p1,rcp26,CESM1-CAM5,2020-2039,24.45,32.15,24.88,16.9,23.88,29.67,19.22,33.34,32.64,28.36,25.46,20.81,17.03,16.56,17.1,19.8,24.01,27.83,30.48
0,ST-GEORGE-AIRPORT,-28.05,148.59,r1i1p1,rcp26,CESM1-CAM5,2020-2039,28.61,34.87,28.65,21.46,29.5,33.09,24.15,35.53,34.33,32.61,28.81,24.52,20.93,20.79,22.67,26.37,29.64,32.48,34.67
0,SYDNEY-OBSERVATORY-HILL,-33.86,151.21,r1i1p1,rcp26,CESM1-CAM5,2020-2039,23.29,26.89,23.93,19.12,23.21,25.9,20.67,27.36,27.37,26.02,24.37,21.39,19.11,18.53,19.71,21.68,23.58,24.37,25.95
0,TARCOOLA-AERO,-30.71,134.58,r1i1p1,rcp26,CESM1-CAM5,2020-2039,28,35.63,27.56,20.37,28.48,33.04,22.97,37.12,36.08,31.74,27.82,23.13,19.62,20.16,21.32,25.23,28.38,31.82,34.01
0,TENNANT-CREEK-AIRPORT,-19.64,134.18,r1i1p1,rcp26,CESM1-CAM5,2020-2039,32.94,37.25,32.39,26.85,35.26,36.32,29.56,37.66,36.67,35.62,32.95,28.59,25.39,26.26,28.91,32.78,35.44,37.55,37.41
0,THARGOMINDAH-AIRPORT,-27.99,143.81,r1i1p1,rcp26,CESM1-CAM5,2020-2039,30.05,37.66,29.7,22.02,30.84,35.29,24.83,38.72,36.71,34.35,29.71,25.04,21.13,21.36,23.56,27.16,30.71,34.64,37.54
0,TIBOOBURRA-POST-OFFICE,-29.43,142.01,r1i1p1,rcp26,CESM1-CAM5,2020-2039,28.57,36.57,28.05,20.47,29.18,33.96,23.17,37.6,36.25,32.76,28.37,23.02,19.61,19.86,21.94,25.62,28.98,32.95,35.87
0,TOWNSVILLE-AERO,-19.25,146.77,r1i1p1,rcp26,CESM1-CAM5,2020-2039,30.15,32.48,30.63,26.94,30.59,32.06,28.25,32.65,32.27,32.12,30.94,28.83,26.75,26.66,27.4,28.99,30.9,31.9,32.41
0,VICTORIA-RIVER-DOWNS,-16.4,131.01,r1i1p1,rcp26,CESM1-CAM5,2020-2039,35.69,37.35,35.37,31.56,38.41,37.4,33.97,37.39,36.28,36.66,36,33.45,30.11,30.93,33.55,36.98,38.58,39.69,38.35
0,WAGGA-WAGGA-AMO,-35.16,147.46,r1i1p1,rcp26,CESM1-CAM5,2020-2039,23.18,32.04,23.73,14.66,22.25,29.21,17.14,33.17,32.28,28,24.39,18.8,14.48,14.11,15.39,18.05,22.03,26.68,30.73
0,WALGETT-AIRPORT-AWS,-30.04,148.12,r1i1p1,rcp26,CESM1-CAM5,2020-2039,28.36,35.6,28.36,20.58,28.94,33.42,23.31,36.45,35.14,32.51,28.62,23.94,20.07,19.84,21.81,25.18,29.03,32.62,35.15
0,WANDERING,-32.67,116.67,r1i1p1,rcp26,CESM1-CAM5,2020-2039,24.2,32.14,24.93,16.69,22.96,29.76,18.59,32.87,32.61,29.03,25.41,20.36,17.78,16.07,16.22,18.9,22.22,27.78,31.18
0,WEIPA-AERO,-12.68,141.92,r1i1p1,rcp26,CESM1-CAM5,2020-2039,33.37,33.09,32.88,31.96,35.51,33.52,33.19,32.96,32.09,32.69,33.29,32.68,31.68,31.53,32.67,34.62,35.96,35.94,34.3
0,WILCANNIA-REID-ST,-31.56,143.37,r1i1p1,rcp26,CESM1-CAM5,2020-2039,27.37,35.31,27.04,19.53,27.62,32.69,22.05,36.09,35.45,31.48,27.45,22.18,18.91,18.88,20.8,24.13,27.43,31.3,34.41
0,WILLIAMTOWN-RAAF,-32.79,151.84,r1i1p1,rcp26,CESM1-CAM5,2020-2039,24.13,28.71,24.37,19.03,24.43,27.32,20.94,29.36,28.84,26.8,24.87,21.44,18.93,18.36,19.78,22.26,24.84,26.18,27.86
0,WILSONS-PROMONTORY-LIGHTHOUSE,-39.13,146.42,r1i1p1,rcp26,CESM1-CAM5,2020-2039,17.2,20.58,18.25,13.72,16.23,19.62,14.77,21.19,21.58,19.93,18.47,16.36,14.05,13.52,13.59,14.75,16.36,17.58,19.08
0,WITTENOOM,-22.24,118.34,r1i1p1,rcp26,CESM1-CAM5,2020-2039,34.65,40.71,34.19,27.03,36.65,39.19,30.11,41.55,39.04,38,35.04,29.53,26.4,26.35,28.35,32.8,37.21,39.92,41.62
0,WOOMERA-AERODROME,-31.16,136.81,r1i1p1,rcp26,CESM1-CAM5,2020-2039,26.85,34.65,26.51,19.1,27.13,32.03,21.66,35.67,35.06,30.74,26.86,21.94,18.4,18.73,20.19,23.79,26.91,30.7,33.18
0,WYALONG-POST-OFFICE,-33.93,147.24,r1i1p1,rcp26,CESM1-CAM5,2020-2039,24.59,33.15,24.92,16.08,24.18,30.42,18.74,34.19,33.35,29.04,25.6,20.13,15.84,15.41,16.98,20.03,24.06,28.46,31.99
0,YAMBA-PILOT-STATION,-29.43,153.36,r1i1p1,rcp26,CESM1-CAM5,2020-2039,24.82,27.79,25.53,21.27,24.71,27.09,22.56,28.07,28.38,27.41,25.89,23.28,21.29,20.79,21.73,23.3,24.96,25.86,26.89